PassengerId,Pclass,Age,SibSp,Parch,Fare,Age_scaled,Fare_scaled,SibSp_scaled,Parch_scaled,Pclass_scaled,Sex_encoded
70,3,26.0,2,0,8.6625,-0.2583370877897099,-0.47400492578514347,1.340131927606843,-0.4736736092984604,0.8273772438659699,1
249,1,37.0,1,1,52.5542,0.5870111887444931,0.40974072380221066,0.4327933656785018,0.7676298785983874,-1.5661069258891576,1
404,3,28.0,1,0,15.85,-0.10463740114712752,-0.32928686163157667,0.4327933656785018,-0.4736736092984604,0.8273772438659699,1
663,1,47.0,0,0,25.5875,1.3555096219574048,-0.13322534515222276,-0.47454519624983954,-0.4736736092984604,-1.5661069258891576,1
31,1,40.0,0,0,27.7208,0.8175607187083667,-0.09027201697708476,-0.47454519624983954,-0.4736736092984604,-1.5661069258891576,1
285,1,28.0,0,0,26.0,-0.10463740114712752,-0.12491978668775715,-0.47454519624983954,-0.4736736092984604,-1.5661069258891576,1
213,3,22.0,0,0,7.25,-0.5657364610748746,-0.5024451714361923,-0.47454519624983954,-0.4736736092984604,0.8273772438659699,1
372,3,18.0,1,0,6.4958,-0.8731358343600393,-0.5176307525123133,0.4327933656785018,-0.4736736092984604,0.8273772438659699,1
788,3,8.0,4,1,29.125,-1.6416342675729512,-0.06199888922968463,3.1548090514635256,0.7676298785983874,0.8273772438659699,1
683,3,20.0,0,0,9.225,-0.719436147717457,-0.4626791642426904,-0.47454519624983954,-0.4736736092984604,0.8273772438659699,1
136,2,23.0,0,0,15.0458,-0.48888661775358344,-0.3454791770670269,-0.47454519624983954,-0.4736736092984604,-0.3693648410115938,1
102,3,28.0,0,0,7.8958,-0.10463740114712752,-0.4894421904510968,-0.47454519624983954,-0.4736736092984604,0.8273772438659699,1
65,1,28.0,0,0,27.7208,-0.10463740114712752,-0.09027201697708476,-0.47454519624983954,-0.4736736092984604,-1.5661069258891576,1
364,3,35.0,0,0,7.05,0.4333115021019107,-0.5064721088735089,-0.47454519624983954,-0.4736736092984604,0.8273772438659699,1
737,3,48.0,1,3,34.375,1.432359465278696,0.04370821849987721,0.4327933656785018,3.250236854392083,0.8273772438659699,0
621,3,27.0,1,0,14.4542,-0.1814872444684187,-0.3573908580066095,0.4327933656785018,-0.4736736092984604,0.8273772438659699,1
515,3,24.0,0,0,7.4958,-0.41203677443229225,-0.4974960653257301,-0.47454519624983954,-0.4736736092984604,0.8273772438659699,1
313,2,26.0,1,1,26.0,-0.2583370877897099,-0.12491978668775715,0.4327933656785018,0.7676298785983874,-0.3693648410115938,0
720,3,33.0,0,0,7.775,0.27961181545932834,-0.4918744606632361,-0.47454519624983954,-0.4736736092984604,0.8273772438659699,1
321,3,22.0,0,0,7.25,-0.5657364610748746,-0.5024451714361923,-0.47454519624983954,-0.4736736092984604,0.8273772438659699,1
24,1,28.0,0,0,35.5,-0.10463740114712752,0.06635974158478332,-0.47454519624983954,-0.4736736092984604,-1.5661069258891576,1
422,3,21.0,0,0,7.7333,-0.6425863043961658,-0.49271407711891657,-0.47454519624983954,-0.4736736092984604,0.8273772438659699,1
838,3,28.0,0,0,8.05,-0.10463740114712752,-0.4863374216869257,-0.47454519624983954,-0.4736736092984604,0.8273772438659699,1
598,3,49.0,0,0,0.0,1.5092093085999871,-0.6484216535389205,-0.47454519624983954,-0.4736736092984604,0.8273772438659699,1
289,2,42.0,0,0,13.0,0.9712604053509489,-0.3866707201133388,-0.47454519624983954,-0.4736736092984604,-0.3693648410115938,1
76,3,25.0,0,0,7.65,-0.33518693111100106,-0.494391296561559,-0.47454519624983954,-0.4736736092984604,0.8273772438659699,1
486,3,28.0,3,1,25.4667,-0.10463740114712752,-0.13565761536436197,2.2474704895351842,0.7676298785983874,0.8273772438659699,0
501,3,17.0,0,0,8.6625,-0.9499856776813305,-0.47400492578514347,-0.47454519624983954,-0.4736736092984604,0.8273772438659699,1
39,3,18.0,2,0,18.0,-0.8731358343600393,-0.2859972841804228,1.340131927606843,-0.4736736092984604,0.8273772438659699,0
243,2,29.0,0,0,10.5,-0.027787557825836348,-0.43700743807979686,-0.47454519624983954,-0.4736736092984604,-0.3693648410115938,1
733,2,28.0,0,0,0.0,-0.10463740114712752,-0.6484216535389205,-0.47454519624983954,-0.4736736092984604,-0.3693648410115938,1
328,2,36.0,0,0,13.0,0.5101613454232019,-0.3866707201133388,-0.47454519624983954,-0.4736736092984604,-0.3693648410115938,0
435,1,50.0,1,0,55.9,1.5860591519212783,0.4771073601910807,0.4327933656785018,-0.4736736092984604,-1.5661069258891576,1
775,2,54.0,1,3,23.0,1.893458525206443,-0.18532384824750675,0.4327933656785018,3.250236854392083,-0.3693648410115938,0
262,3,3.0,4,2,31.3875,-2.025883484179407,-0.016444159470040135,3.1548090514635256,2.0089333664952354,0.8273772438659699,1
812,3,39.0,0,0,24.15,0.7407108753870755,-0.1621689579829361,-0.47454519624983954,-0.4736736092984604,0.8273772438659699,1
451,2,36.0,1,2,27.75,0.5101613454232019,-0.08968408411123653,0.4327933656785018,2.0089333664952354,-0.3693648410115938,1
783,1,29.0,0,0,30.0,-0.027787557825836348,-0.04438103794142432,-0.47454519624983954,-0.4736736092984604,-1.5661069258891576,1
309,2,30.0,1,0,24.0,0.04906228549545483,-0.16518916106092355,0.4327933656785018,-0.4736736092984604,-0.3693648410115938,1
432,3,28.0,1,0,16.1,-0.10463740114712752,-0.32425318983493084,0.4327933656785018,-0.4736736092984604,0.8273772438659699,0
540,1,22.0,0,2,49.5,-0.5657364610748746,0.3482453621969482,-0.47454519624983954,2.0089333664952354,-1.5661069258891576,0
215,3,28.0,1,0,7.75,-0.10463740114712752,-0.49237782784290063,0.4327933656785018,-0.4736736092984604,0.8273772438659699,1
288,3,22.0,0,0,7.8958,-0.5657364610748746,-0.4894421904510968,-0.47454519624983954,-0.4736736092984604,0.8273772438659699,1
675,2,28.0,0,0,0.0,-0.10463740114712752,-0.6484216535389205,-0.47454519624983954,-0.4736736092984604,-0.3693648410115938,1
539,3,28.0,0,0,14.5,-0.10463740114712752,-0.35646868933346404,-0.47454519624983954,-0.4736736092984604,0.8273772438659699,1
694,3,25.0,0,0,7.225,-0.33518693111100106,-0.5029485386158568,-0.47454519624983954,-0.4736736092984604,0.8273772438659699,1
840,1,28.0,0,0,29.7,-0.10463740114712752,-0.05042144409739929,-0.47454519624983954,-0.4736736092984604,-1.5661069258891576,1
200,2,24.0,0,0,13.0,-0.41203677443229225,-0.3866707201133388,-0.47454519624983954,-0.4736736092984604,-0.3693648410115938,0
383,3,32.0,0,0,7.925,0.20276197213803718,-0.4888542575852486,-0.47454519624983954,-0.4736736092984604,0.8273772438659699,1
786,3,25.0,0,0,7.25,-0.33518693111100106,-0.5024451714361923,-0.47454519624983954,-0.4736736092984604,0.8273772438659699,1
751,2,4.0,1,1,23.0,-1.949033640858116,-0.18532384824750675,0.4327933656785018,0.7676298785983874,-0.3693648410115938,0
561,3,28.0,0,0,7.75,-0.10463740114712752,-0.49237782784290063,-0.47454519624983954,-0.4736736092984604,0.8273772438659699,1
659,2,23.0,0,0,13.0,-0.48888661775358344,-0.3866707201133388,-0.47454519624983954,-0.4736736092984604,-0.3693648410115938,1
399,2,23.0,0,0,10.5,-0.48888661775358344,-0.43700743807979686,-0.47454519624983954,-0.4736736092984604,-0.3693648410115938,1
537,1,45.0,0,0,26.55,1.2018099353148226,-0.11384570873513637,-0.47454519624983954,-0.4736736092984604,-1.5661069258891576,1
130,3,45.0,0,0,6.975,1.2018099353148226,-0.5079822104125026,-0.47454519624983954,-0.4736736092984604,0.8273772438659699,1
141,3,28.0,0,2,15.2458,-0.10463740114712752,-0.3414522396297103,-0.47454519624983954,2.0089333664952354,0.8273772438659699,0
806,3,31.0,0,0,7.775,0.12591212881674602,-0.4918744606632361,-0.47454519624983954,-0.4736736092984604,0.8273772438659699,1
688,3,19.0,0,0,10.1708,-0.7962859910387481,-0.44363577710162005,-0.47454519624983954,-0.4736736092984604,0.8273772438659699,1
805,3,27.0,0,0,6.975,-0.1814872444684187,-0.5079822104125026,-0.47454519624983954,-0.4736736092984604,0.8273772438659699,1
349,3,3.0,1,1,15.9,-2.025883484179407,-0.32828012727224753,0.4327933656785018,0.7676298785983874,0.8273772438659699,1
113,3,22.0,0,0,8.05,-0.5657364610748746,-0.4863374216869257,-0.47454519624983954,-0.4736736092984604,0.8273772438659699,1
10,2,14.0,1,0,30.0708,-1.180535207645204,-0.04295550208861426,0.4327933656785018,-0.4736736092984604,-0.3693648410115938,0
110,3,28.0,1,0,24.15,-0.10463740114712752,-0.1621689579829361,0.4327933656785018,-0.4736736092984604,0.8273772438659699,0
679,3,43.0,1,6,46.9,1.0481102486722402,0.2958951755118318,0.4327933656785018,6.974147318082627,0.8273772438659699,0
644,3,28.0,0,0,56.4958,-0.10463740114712752,0.48910360681684706,-0.47454519624983954,-0.4736736092984604,0.8273772438659699,1
671,2,40.0,1,1,39.0,0.8175607187083667,0.13683114673782454,0.4327933656785018,0.7676298785983874,-0.3693648410115938,0
495,3,21.0,0,0,8.05,-0.6425863043961658,-0.4863374216869257,-0.47454519624983954,-0.4736736092984604,0.8273772438659699,1
602,3,28.0,0,0,7.8958,-0.10463740114712752,-0.4894421904510968,-0.47454519624983954,-0.4736736092984604,0.8273772438659699,1
275,3,28.0,0,0,7.75,-0.10463740114712752,-0.49237782784290063,-0.47454519624983954,-0.4736736092984604,0.8273772438659699,0
172,3,4.0,4,1,29.125,-1.949033640858116,-0.06199888922968463,3.1548090514635256,0.7676298785983874,0.8273772438659699,1
38,3,21.0,0,0,8.05,-0.6425863043961658,-0.4863374216869257,-0.47454519624983954,-0.4736736092984604,0.8273772438659699,1
54,2,29.0,1,0,26.0,-0.027787557825836348,-0.12491978668775715,0.4327933656785018,-0.4736736092984604,-0.3693648410115938,0
52,3,21.0,0,0,7.8,-0.6425863043961658,-0.4913710934835715,-0.47454519624983954,-0.4736736092984604,0.8273772438659699,1
90,3,24.0,0,0,8.05,-0.41203677443229225,-0.4863374216869257,-0.47454519624983954,-0.4736736092984604,0.8273772438659699,1
205,3,18.0,0,0,8.05,-0.8731358343600393,-0.4863374216869257,-0.47454519624983954,-0.4736736092984604,0.8273772438659699,1
445,3,28.0,0,0,8.1125,-0.10463740114712752,-0.48507900373776425,-0.47454519624983954,-0.4736736092984604,0.8273772438659699,1
784,3,28.0,1,2,23.45,-0.10463740114712752,-0.17626323901354432,0.4327933656785018,2.0089333664952354,0.8273772438659699,1
82,3,29.0,0,0,9.5,-0.027787557825836348,-0.45714212526638004,-0.47454519624983954,-0.4736736092984604,0.8273772438659699,1
15,3,14.0,0,0,7.8542,-1.180535207645204,-0.4902797934380587,-0.47454519624983954,-0.4736736092984604,0.8273772438659699,0
424,3,28.0,1,1,14.4,-0.10463740114712752,-0.35848215805212236,0.4327933656785018,0.7676298785983874,0.8273772438659699,0
729,2,25.0,1,0,26.0,-0.33518693111100106,-0.12491978668775715,0.4327933656785018,-0.4736736092984604,-0.3693648410115938,1
218,2,42.0,1,0,27.0,0.9712604053509489,-0.10478509950117394,0.4327933656785018,-0.4736736092984604,-0.3693648410115938,1
355,3,28.0,0,0,7.225,-0.10463740114712752,-0.5029485386158568,-0.47454519624983954,-0.4736736092984604,0.8273772438659699,1
770,3,32.0,0,0,8.3625,0.20276197213803718,-0.4800453319411184,-0.47454519624983954,-0.4736736092984604,0.8273772438659699,1
533,3,17.0,1,1,7.2292,-0.9499856776813305,-0.5028639729296732,0.4327933656785018,0.7676298785983874,0.8273772438659699,1
396,3,22.0,0,0,7.7958,-0.5657364610748746,-0.49145565916975514,-0.47454519624983954,-0.4736736092984604,0.8273772438659699,1
554,3,22.0,0,0,7.225,-0.5657364610748746,-0.5029485386158568,-0.47454519624983954,-0.4736736092984604,0.8273772438659699,1
217,3,27.0,0,0,7.925,-0.1814872444684187,-0.4888542575852486,-0.47454519624983954,-0.4736736092984604,0.8273772438659699,0
599,3,28.0,0,0,7.225,-0.10463740114712752,-0.5029485386158568,-0.47454519624983954,-0.4736736092984604,0.8273772438659699,1
584,1,36.0,0,0,40.125,0.5101613454232019,0.15948266982273065,-0.47454519624983954,-0.4736736092984604,-1.5661069258891576,1
104,3,33.0,0,0,8.6542,0.27961181545932834,-0.4741720436887921,-0.47454519624983954,-0.4736736092984604,0.8273772438659699,1
268,3,25.0,1,0,7.775,-0.33518693111100106,-0.4918744606632361,0.4327933656785018,-0.4736736092984604,0.8273772438659699,1
809,2,39.0,0,0,13.0,0.7407108753870755,-0.3866707201133388,-0.47454519624983954,-0.4736736092984604,-0.3693648410115938,1
466,3,38.0,0,0,7.05,0.6638610320657843,-0.5064721088735089,-0.47454519624983954,-0.4736736092984604,0.8273772438659699,1
615,3,35.0,0,0,8.05,0.4333115021019107,-0.4863374216869257,-0.47454519624983954,-0.4736736092984604,0.8273772438659699,1
603,1,28.0,0,0,42.4,-0.10463740114712752,0.2052890831722074,-0.47454519624983954,-0.4736736092984604,-1.5661069258891576,1
99,2,34.0,0,1,23.0,0.35646165878061953,-0.18532384824750675,-0.47454519624983954,0.7676298785983874,-0.3693648410115938,0
30,3,28.0,0,0,7.8958,-0.10463740114712752,-0.4894421904510968,-0.47454519624983954,-0.4736736092984604,0.8273772438659699,1
21,2,35.0,0,0,26.0,0.4333115021019107,-0.12491978668775715,-0.47454519624983954,-0.4736736092984604,-0.3693648410115938,1
689,3,18.0,0,0,7.7958,-0.8731358343600393,-0.49145565916975514,-0.47454519624983954,-0.4736736092984604,0.8273772438659699,1
512,3,28.0,0,0,8.05,-0.10463740114712752,-0.4863374216869257,-0.47454519624983954,-0.4736736092984604,0.8273772438659699,1
408,2,3.0,1,1,18.75,-2.025883484179407,-0.2708962687904854,0.4327933656785018,0.7676298785983874,-0.3693648410115938,1
365,3,28.0,1,0,15.5,-0.10463740114712752,-0.3363340021468808,0.4327933656785018,-0.4736736092984604,0.8273772438659699,1
548,2,28.0,0,0,13.8625,-0.10463740114712752,-0.3693045524149108,-0.47454519624983954,-0.4736736092984604,-0.3693648410115938,1
419,2,30.0,0,0,13.0,0.04906228549545483,-0.3866707201133388,-0.47454519624983954,-0.4736736092984604,-0.3693648410115938,1
411,3,28.0,0,0,7.8958,-0.10463740114712752,-0.4894421904510968,-0.47454519624983954,-0.4736736092984604,0.8273772438659699,1
324,2,22.0,1,1,29.0,-0.5657364610748746,-0.06451572512800753,0.4327933656785018,0.7676298785983874,-0.3693648410115938,0
168,3,45.0,1,4,27.9,1.2018099353148226,-0.08666388103324908,0.4327933656785018,4.491540342288931,0.8273772438659699,0
492,3,21.0,0,0,7.25,-0.6425863043961658,-0.5024451714361923,-0.47454519624983954,-0.4736736092984604,0.8273772438659699,1
650,3,23.0,0,0,7.55,-0.48888661775358344,-0.49640476528021726,-0.47454519624983954,-0.4736736092984604,0.8273772438659699,0
43,3,28.0,0,0,7.8958,-0.10463740114712752,-0.4894421904510968,-0.47454519624983954,-0.4736736092984604,0.8273772438659699,1
782,1,17.0,1,0,57.0,-0.9499856776813305,0.49925551609632224,0.4327933656785018,-0.4736736092984604,-1.5661069258891576,0
444,2,28.0,0,0,13.0,-0.10463740114712752,-0.3866707201133388,-0.47454519624983954,-0.4736736092984604,-0.3693648410115938,0
13,3,20.0,0,0,8.05,-0.719436147717457,-0.4863374216869257,-0.47454519624983954,-0.4736736092984604,0.8273772438659699,1
310,1,30.0,0,0,56.9292,0.04906228549545483,0.49782998024351216,-0.47454519624983954,-0.4736736092984604,-1.5661069258891576,0
29,3,28.0,0,0,7.8792,-0.10463740114712752,-0.48977642625839407,-0.47454519624983954,-0.4736736092984604,0.8273772438659699,0
273,2,41.0,0,1,19.5,0.8944105620296577,-0.255795253400548,-0.47454519624983954,0.7676298785983874,-0.3693648410115938,0
822,3,27.0,0,0,8.6625,-0.1814872444684187,-0.47400492578514347,-0.47454519624983954,-0.4736736092984604,0.8273772438659699,1
875,2,28.0,1,0,24.0,-0.10463740114712752,-0.16518916106092355,0.4327933656785018,-0.4736736092984604,-0.3693648410115938,0
442,3,20.0,0,0,9.5,-0.719436147717457,-0.45714212526638004,-0.47454519624983954,-0.4736736092984604,0.8273772438659699,1
749,1,19.0,1,0,53.1,-0.7962859910387481,0.4207302360686478,0.4327933656785018,-0.4736736092984604,-1.5661069258891576,1
248,2,24.0,0,2,14.5,-0.41203677443229225,-0.35646868933346404,-0.47454519624983954,2.0089333664952354,-0.3693648410115938,0
573,1,36.0,0,0,26.3875,0.5101613454232019,-0.11711759540295616,-0.47454519624983954,-0.4736736092984604,-1.5661069258891576,1
114,3,20.0,1,0,9.825,-0.719436147717457,-0.4505983519307405,0.4327933656785018,-0.4736736092984604,0.8273772438659699,0
713,1,48.0,1,0,52.0,1.432359465278696,0.39858208016340624,0.4327933656785018,-0.4736736092984604,-1.5661069258891576,1
649,3,28.0,0,0,7.55,-0.10463740114712752,-0.49640476528021726,-0.47454519624983954,-0.4736736092984604,0.8273772438659699,1
547,2,19.0,1,0,26.0,-0.7962859910387481,-0.12491978668775715,0.4327933656785018,-0.4736736092984604,-0.3693648410115938,0
226,3,22.0,0,0,9.35,-0.5657364610748746,-0.4601623283443675,-0.47454519624983954,-0.4736736092984604,0.8273772438659699,1
723,2,34.0,0,0,13.0,0.35646165878061953,-0.3866707201133388,-0.47454519624983954,-0.4736736092984604,-0.3693648410115938,1
555,3,22.0,0,0,7.775,-0.5657364610748746,-0.4918744606632361,-0.47454519624983954,-0.4736736092984604,0.8273772438659699,0
189,3,40.0,1,1,15.5,0.8175607187083667,-0.3363340021468808,0.4327933656785018,0.7676298785983874,0.8273772438659699,1
92,3,20.0,0,0,7.8542,-0.719436147717457,-0.4902797934380587,-0.47454519624983954,-0.4736736092984604,0.8273772438659699,1
440,2,31.0,0,0,10.5,0.12591212881674602,-0.43700743807979686,-0.47454519624983954,-0.4736736092984604,-0.3693648410115938,1
351,3,23.0,0,0,9.225,-0.48888661775358344,-0.4626791642426904,-0.47454519624983954,-0.4736736092984604,0.8273772438659699,1
84,1,28.0,0,0,47.1,-0.10463740114712752,0.29992211294914856,-0.47454519624983954,-0.4736736092984604,-1.5661069258891576,1
563,2,28.0,0,0,13.5,-0.10463740114712752,-0.3766033765200472,-0.47454519624983954,-0.4736736092984604,-0.3693648410115938,1
230,3,28.0,3,1,25.4667,-0.10463740114712752,-0.13565761536436197,2.2474704895351842,0.7676298785983874,0.8273772438659699,0
345,2,36.0,0,0,13.0,0.5101613454232019,-0.3866707201133388,-0.47454519624983954,-0.4736736092984604,-0.3693648410115938,1
290,3,22.0,0,0,7.75,-0.5657364610748746,-0.49237782784290063,-0.47454519624983954,-0.4736736092984604,0.8273772438659699,0
109,3,38.0,0,0,7.8958,0.6638610320657843,-0.4894421904510968,-0.47454519624983954,-0.4736736092984604,0.8273772438659699,1
759,3,34.0,0,0,8.05,0.35646165878061953,-0.4863374216869257,-0.47454519624983954,-0.4736736092984604,0.8273772438659699,1
144,3,19.0,0,0,6.75,-0.7962859910387481,-0.5125125150294839,-0.47454519624983954,-0.4736736092984604,0.8273772438659699,1
154,3,40.5,0,2,14.5,0.8559856403690123,-0.35646868933346404,-0.47454519624983954,2.0089333664952354,0.8273772438659699,1
734,2,23.0,0,0,13.0,-0.48888661775358344,-0.3866707201133388,-0.47454519624983954,-0.4736736092984604,-0.3693648410115938,1
363,3,45.0,0,1,14.4542,1.2018099353148226,-0.3573908580066095,-0.47454519624983954,0.7676298785983874,0.8273772438659699,0
294,3,24.0,0,0,8.85,-0.41203677443229225,-0.4702296719376591,-0.47454519624983954,-0.4736736092984604,0.8273772438659699,0
1,3,22.0,1,0,7.25,-0.5657364610748746,-0.5024451714361923,0.4327933656785018,-0.4736736092984604,0.8273772438659699,1
883,3,22.0,0,0,10.5167,-0.5657364610748746,-0.4366711888037809,-0.47454519624983954,-0.4736736092984604,0.8273772438659699,0
377,3,22.0,0,0,7.25,-0.5657364610748746,-0.5024451714361923,-0.47454519624983954,-0.4736736092984604,0.8273772438659699,0
623,3,20.0,1,1,15.7417,-0.719436147717457,-0.33146744825388363,0.4327933656785018,0.7676298785983874,0.8273772438659699,1
450,1,52.0,0,0,30.5,1.7397588385638607,-0.034313694348132716,-0.47454519624983954,-0.4736736092984604,-1.5661069258891576,1
352,1,28.0,0,0,35.0,-0.10463740114712752,0.05629239799149171,-0.47454519624983954,-0.4736736092984604,-1.5661069258891576,1
143,3,24.0,1,0,15.85,-0.41203677443229225,-0.32928686163157667,0.4327933656785018,-0.4736736092984604,0.8273772438659699,0
282,3,28.0,0,0,7.8542,-0.10463740114712752,-0.4902797934380587,-0.47454519624983954,-0.4736736092984604,0.8273772438659699,1
412,3,28.0,0,0,6.8583,-0.10463740114712752,-0.5103319284071769,-0.47454519624983954,-0.4736736092984604,0.8273772438659699,1
862,2,21.0,1,0,11.5,-0.6425863043961658,-0.41687275089321363,0.4327933656785018,-0.4736736092984604,-0.3693648410115938,1
348,3,28.0,1,0,16.1,-0.10463740114712752,-0.32425318983493084,0.4327933656785018,-0.4736736092984604,0.8273772438659699,0
581,2,25.0,1,1,30.0,-0.33518693111100106,-0.04438103794142432,0.4327933656785018,0.7676298785983874,-0.3693648410115938,0
178,1,50.0,0,0,28.7125,1.5860591519212783,-0.07030444769415023,-0.47454519624983954,-0.4736736092984604,-1.5661069258891576,0
508,1,28.0,0,0,26.55,-0.10463740114712752,-0.11384570873513637,-0.47454519624983954,-0.4736736092984604,-1.5661069258891576,1
496,3,28.0,0,0,14.4583,-0.10463740114712752,-0.3573083057891445,-0.47454519624983954,-0.4736736092984604,0.8273772438659699,1
810,1,33.0,1,0,53.1,0.27961181545932834,0.4207302360686478,0.4327933656785018,-0.4736736092984604,-1.5661069258891576,0
652,2,18.0,0,1,23.0,-0.8731358343600393,-0.18532384824750675,-0.47454519624983954,0.7676298785983874,-0.3693648410115938,0
340,1,45.0,0,0,35.5,1.2018099353148226,0.06635974158478332,-0.47454519624983954,-0.4736736092984604,-1.5661069258891576,1
819,3,43.0,0,0,6.45,1.0481102486722402,-0.5185529211854588,-0.47454519624983954,-0.4736736092984604,0.8273772438659699,1
686,2,25.0,1,2,41.5792,-0.33518693111100106,0.18876253192945994,0.4327933656785018,2.0089333664952354,-0.3693648410115938,1
395,3,24.0,0,2,16.7,-0.41203677443229225,-0.312172377522981,-0.47454519624983954,2.0089333664952354,0.8273772438659699,0
58,3,28.5,0,0,7.2292,-0.06621247948648194,-0.5028639729296732,-0.47454519624983954,-0.4736736092984604,0.8273772438659699,1
329,3,31.0,1,1,20.525,0.12591212881674602,-0.2351571990343002,0.4327933656785018,0.7676298785983874,0.8273772438659699,0
239,2,19.0,0,0,10.5,-0.7962859910387481,-0.43700743807979686,-0.47454519624983954,-0.4736736092984604,-0.3693648410115938,1
891,3,32.0,0,0,7.75,0.20276197213803718,-0.49237782784290063,-0.47454519624983954,-0.4736736092984604,0.8273772438659699,1
835,3,18.0,0,0,8.3,-0.8731358343600393,-0.48130374989027985,-0.47454519624983954,-0.4736736092984604,0.8273772438659699,1
133,3,47.0,1,0,14.5,1.3555096219574048,-0.35646868933346404,0.4327933656785018,-0.4736736092984604,0.8273772438659699,0
605,1,35.0,0,0,26.55,0.4333115021019107,-0.11384570873513637,-0.47454519624983954,-0.4736736092984604,-1.5661069258891576,1
670,1,28.0,1,0,52.0,-0.10463740114712752,0.39858208016340624,0.4327933656785018,-0.4736736092984604,-1.5661069258891576,0
428,2,19.0,0,0,26.0,-0.7962859910387481,-0.12491978668775715,-0.47454519624983954,-0.4736736092984604,-0.3693648410115938,0
126,3,12.0,1,0,11.2417,-1.3342348942877864,-0.42207354059350805,0.4327933656785018,-0.4736736092984604,0.8273772438659699,1
462,3,34.0,0,0,8.05,0.35646165878061953,-0.4863374216869257,-0.47454519624983954,-0.4736736092984604,0.8273772438659699,1
801,2,34.0,0,0,13.0,0.35646165878061953,-0.3866707201133388,-0.47454519624983954,-0.4736736092984604,-0.3693648410115938,1
441,2,45.0,1,1,26.25,1.2018099353148226,-0.11988611489111134,0.4327933656785018,0.7676298785983874,-0.3693648410115938,0
220,2,30.0,0,0,10.5,0.04906228549545483,-0.43700743807979686,-0.47454519624983954,-0.4736736092984604,-0.3693648410115938,1
385,3,28.0,0,0,7.8958,-0.10463740114712752,-0.4894421904510968,-0.47454519624983954,-0.4736736092984604,0.8273772438659699,1
530,2,23.0,2,1,11.5,-0.48888661775358344,-0.41687275089321363,1.340131927606843,0.7676298785983874,-0.3693648410115938,1
861,3,41.0,2,0,14.1083,0.8944105620296577,-0.36435544630444866,1.340131927606843,-0.4736736092984604,0.8273772438659699,1
185,3,4.0,0,2,22.025,-1.949033640858116,-0.20495516825442542,-0.47454519624983954,2.0089333664952354,0.8273772438659699,0
151,2,51.0,0,0,12.525,1.6629089952425695,-0.39623469652696586,-0.47454519624983954,-0.4736736092984604,-0.3693648410115938,1
846,3,42.0,0,0,7.55,0.9712604053509489,-0.49640476528021726,-0.47454519624983954,-0.4736736092984604,0.8273772438659699,1
778,3,5.0,0,0,12.475,-1.8721837975368247,-0.397241430886295,-0.47454519624983954,-0.4736736092984604,0.8273772438659699,0
227,2,19.0,0,0,10.5,-0.7962859910387481,-0.43700743807979686,-0.47454519624983954,-0.4736736092984604,-0.3693648410115938,1
565,3,28.0,0,0,8.05,-0.10463740114712752,-0.4863374216869257,-0.47454519624983954,-0.4736736092984604,0.8273772438659699,0
633,1,32.0,0,0,30.5,0.20276197213803718,-0.034313694348132716,-0.47454519624983954,-0.4736736092984604,-1.5661069258891576,1
881,2,25.0,0,1,26.0,-0.33518693111100106,-0.12491978668775715,-0.47454519624983954,0.7676298785983874,-0.3693648410115938,0
522,3,22.0,0,0,7.8958,-0.5657364610748746,-0.4894421904510968,-0.47454519624983954,-0.4736736092984604,0.8273772438659699,1
406,2,34.0,1,0,21.0,0.35646165878061953,-0.22559322262067316,0.4327933656785018,-0.4736736092984604,-0.3693648410115938,1
872,1,47.0,1,1,52.5542,1.3555096219574048,0.40974072380221066,0.4327933656785018,0.7676298785983874,-1.5661069258891576,0
176,3,18.0,1,1,7.8542,-0.8731358343600393,-0.4902797934380587,0.4327933656785018,0.7676298785983874,0.8273772438659699,1
174,3,21.0,0,0,7.925,-0.6425863043961658,-0.4888542575852486,-0.47454519624983954,-0.4736736092984604,0.8273772438659699,1
669,3,43.0,0,0,8.05,1.0481102486722402,-0.4863374216869257,-0.47454519624983954,-0.4736736092984604,0.8273772438659699,1
405,3,20.0,0,0,8.6625,-0.719436147717457,-0.47400492578514347,-0.47454519624983954,-0.4736736092984604,0.8273772438659699,0
25,3,8.0,3,1,21.075,-1.6416342675729512,-0.22408312108167944,2.2474704895351842,0.7676298785983874,0.8273772438659699,0
211,3,24.0,0,0,7.05,-0.41203677443229225,-0.5064721088735089,-0.47454519624983954,-0.4736736092984604,0.8273772438659699,1
727,2,30.0,3,0,21.0,0.04906228549545483,-0.22559322262067316,2.2474704895351842,-0.4736736092984604,-0.3693648410115938,0
397,3,31.0,0,0,7.8542,0.12591212881674602,-0.4902797934380587,-0.47454519624983954,-0.4736736092984604,0.8273772438659699,0
834,3,23.0,0,0,7.8542,-0.48888661775358344,-0.4902797934380587,-0.47454519624983954,-0.4736736092984604,0.8273772438659699,1
18,2,28.0,0,0,13.0,-0.10463740114712752,-0.3866707201133388,-0.47454519624983954,-0.4736736092984604,-0.3693648410115938,1
388,2,36.0,0,0,13.0,0.5101613454232019,-0.3866707201133388,-0.47454519624983954,-0.4736736092984604,-0.3693648410115938,0
33,3,28.0,0,0,7.75,-0.10463740114712752,-0.49237782784290063,-0.47454519624983954,-0.4736736092984604,0.8273772438659699,0
668,3,28.0,0,0,7.775,-0.10463740114712752,-0.4918744606632361,-0.47454519624983954,-0.4736736092984604,0.8273772438659699,1
208,3,26.0,0,0,18.7875,-0.2583370877897099,-0.2701412180209885,-0.47454519624983954,-0.4736736092984604,0.8273772438659699,1
844,3,34.5,0,0,6.4375,0.3948865804412651,-0.5188046047752911,-0.47454519624983954,-0.4736736092984604,0.8273772438659699,1
532,3,28.0,0,0,7.2292,-0.10463740114712752,-0.5028639729296732,-0.47454519624983954,-0.4736736092984604,0.8273772438659699,1
303,3,19.0,0,0,0.0,-0.7962859910387481,-0.6484216535389205,-0.47454519624983954,-0.4736736092984604,0.8273772438659699,1
375,3,3.0,3,1,21.075,-2.025883484179407,-0.22408312108167944,2.2474704895351842,0.7676298785983874,0.8273772438659699,0
572,1,53.0,2,0,51.4792,1.816608681885152,0.38809593507663365,1.340131927606843,-0.4736736092984604,-1.5661069258891576,0
346,2,24.0,0,0,13.0,-0.41203677443229225,-0.3866707201133388,-0.47454519624983954,-0.4736736092984604,-0.3693648410115938,0
190,3,36.0,0,0,7.8958,0.5101613454232019,-0.4894421904510968,-0.47454519624983954,-0.4736736092984604,0.8273772438659699,1
155,3,28.0,0,0,7.3125,-0.10463740114712752,-0.5011867534870308,-0.47454519624983954,-0.4736736092984604,0.8273772438659699,1
617,3,34.0,1,1,14.4,0.35646165878061953,-0.35848215805212236,0.4327933656785018,0.7676298785983874,0.8273772438659699,1
427,2,28.0,1,0,26.0,-0.10463740114712752,-0.12491978668775715,0.4327933656785018,-0.4736736092984604,-0.3693648410115938,0
361,3,40.0,1,4,27.9,0.8175607187083667,-0.08666388103324908,0.4327933656785018,4.491540342288931,0.8273772438659699,1
139,3,16.0,0,0,9.2167,-1.0268355210026217,-0.4628462821463391,-0.47454519624983954,-0.4736736092984604,0.8273772438659699,1
482,2,28.0,0,0,0.0,-0.10463740114712752,-0.6484216535389205,-0.47454519624983954,-0.4736736092984604,-0.3693648410115938,1
212,2,35.0,0,0,21.0,0.4333115021019107,-0.22559322262067316,-0.47454519624983954,-0.4736736092984604,-0.3693648410115938,0
748,2,30.0,0,0,13.0,0.04906228549545483,-0.3866707201133388,-0.47454519624983954,-0.4736736092984604,-0.3693648410115938,0
735,2,23.0,0,0,13.0,-0.48888661775358344,-0.3866707201133388,-0.47454519624983954,-0.4736736092984604,-0.3693648410115938,1
71,2,32.0,0,0,10.5,0.20276197213803718,-0.43700743807979686,-0.47454519624983954,-0.4736736092984604,-0.3693648410115938,1
882,3,33.0,0,0,7.8958,0.27961181545932834,-0.4894421904510968,-0.47454519624983954,-0.4736736092984604,0.8273772438659699,1
274,1,37.0,0,1,29.7,0.5870111887444931,-0.05042144409739929,-0.47454519624983954,0.7676298785983874,-1.5661069258891576,1
354,3,25.0,1,0,17.8,-0.33518693111100106,-0.29002422161773944,0.4327933656785018,-0.4736736092984604,0.8273772438659699,1
23,3,15.0,0,0,8.0292,-1.1036853643239128,-0.4867562231804066,-0.47454519624983954,-0.4736736092984604,0.8273772438659699,0
820,3,10.0,3,2,27.9,-1.4879345809303688,-0.08666388103324908,2.2474704895351842,2.0089333664952354,0.8273772438659699,1
407,3,51.0,0,0,7.75,1.6629089952425695,-0.49237782784290063,-0.47454519624983954,-0.4736736092984604,0.8273772438659699,1
318,2,54.0,0,0,14.0,1.893458525206443,-0.36653603292675563,-0.47454519624983954,-0.4736736092984604,-0.3693648410115938,1
550,2,8.0,1,1,36.75,-1.6416342675729512,0.09152810056801232,0.4327933656785018,0.7676298785983874,-0.3693648410115938,1
859,3,24.0,0,3,19.2583,-0.41203677443229225,-0.26066180729354516,-0.47454519624983954,3.250236854392083,0.8273772438659699,0
234,3,5.0,4,2,31.3875,-1.8721837975368247,-0.016444159470040135,3.1548090514635256,2.0089333664952354,0.8273772438659699,0
578,1,39.0,1,0,55.9,0.7407108753870755,0.4771073601910807,0.4327933656785018,-0.4736736092984604,-1.5661069258891576,0
792,2,16.0,0,0,26.0,-1.0268355210026217,-0.12491978668775715,-0.47454519624983954,-0.4736736092984604,-0.3693648410115938,1
745,3,31.0,0,0,7.925,0.12591212881674602,-0.4888542575852486,-0.47454519624983954,-0.4736736092984604,0.8273772438659699,1
115,3,17.0,0,0,14.4583,-0.9499856776813305,-0.3573083057891445,-0.47454519624983954,-0.4736736092984604,0.8273772438659699,0
221,3,16.0,0,0,8.05,-1.0268355210026217,-0.4863374216869257,-0.47454519624983954,-0.4736736092984604,0.8273772438659699,1
380,3,19.0,0,0,7.775,-0.7962859910387481,-0.4918744606632361,-0.47454519624983954,-0.4736736092984604,0.8273772438659699,1
564,3,28.0,0,0,8.05,-0.10463740114712752,-0.4863374216869257,-0.47454519624983954,-0.4736736092984604,0.8273772438659699,1
658,3,32.0,1,1,15.5,0.20276197213803718,-0.3363340021468808,0.4327933656785018,0.7676298785983874,0.8273772438659699,0
614,3,28.0,0,0,7.75,-0.10463740114712752,-0.49237782784290063,-0.47454519624983954,-0.4736736092984604,0.8273772438659699,1
856,3,18.0,0,1,9.35,-0.8731358343600393,-0.4601623283443675,-0.47454519624983954,0.7676298785983874,0.8273772438659699,0
791,3,28.0,0,0,7.75,-0.10463740114712752,-0.49237782784290063,-0.47454519624983954,-0.4736736092984604,0.8273772438659699,1
566,3,24.0,2,0,24.15,-0.41203677443229225,-0.1621689579829361,1.340131927606843,-0.4736736092984604,0.8273772438659699,1
7,1,54.0,0,0,51.8625,1.893458525206443,0.395813560675251,-0.47454519624983954,-0.4736736092984604,-1.5661069258891576,1
876,3,15.0,0,0,7.225,-1.1036853643239128,-0.5029485386158568,-0.47454519624983954,-0.4736736092984604,0.8273772438659699,0
57,2,21.0,0,0,10.5,-0.6425863043961658,-0.43700743807979686,-0.47454519624983954,-0.4736736092984604,-0.3693648410115938,0
525,3,28.0,0,0,7.2292,-0.10463740114712752,-0.5028639729296732,-0.47454519624983954,-0.4736736092984604,0.8273772438659699,1
728,3,28.0,0,0,7.7375,-0.10463740114712752,-0.4926295114327329,-0.47454519624983954,-0.4736736092984604,0.8273772438659699,0
210,1,40.0,0,0,31.0,0.8175607187083667,-0.024246350754841113,-0.47454519624983954,-0.4736736092984604,-1.5661069258891576,1
22,2,34.0,0,0,13.0,0.35646165878061953,-0.3866707201133388,-0.47454519624983954,-0.4736736092984604,-0.3693648410115938,1
60,3,11.0,5,2,46.9,-1.4110847376090776,0.2958951755118318,4.0621476133918675,2.0089333664952354,0.8273772438659699,1
866,2,42.0,0,0,13.0,0.9712604053509489,-0.3866707201133388,-0.47454519624983954,-0.4736736092984604,-0.3693648410115938,0
818,2,31.0,1,1,37.0042,0.12591212881674602,0.09664633805084172,0.4327933656785018,0.7676298785983874,-0.3693648410115938,1
5,3,35.0,0,0,8.05,0.4333115021019107,-0.4863374216869257,-0.47454519624983954,-0.4736736092984604,0.8273772438659699,1
619,2,4.0,2,1,39.0,-1.949033640858116,0.13683114673782454,1.340131927606843,0.7676298785983874,-0.3693648410115938,0
543,3,11.0,4,2,31.275,-1.4110847376090776,-0.01870931177853076,3.1548090514635256,2.0089333664952354,0.8273772438659699,0
401,3,39.0,0,0,7.925,0.7407108753870755,-0.4888542575852486,-0.47454519624983954,-0.4736736092984604,0.8273772438659699,1
823,1,38.0,0,0,0.0,0.6638610320657843,-0.6484216535389205,-0.47454519624983954,-0.4736736092984604,-1.5661069258891576,1
357,1,22.0,0,1,55.0,-0.5657364610748746,0.4589861417231558,-0.47454519624983954,0.7676298785983874,-1.5661069258891576,0
118,2,29.0,1,0,21.0,-0.027787557825836348,-0.22559322262067316,0.4327933656785018,-0.4736736092984604,-0.3693648410115938,1
359,3,28.0,0,0,7.8792,-0.10463740114712752,-0.48977642625839407,-0.47454519624983954,-0.4736736092984604,0.8273772438659699,0
890,1,26.0,0,0,30.0,-0.2583370877897099,-0.04438103794142432,-0.47454519624983954,-0.4736736092984604,-1.5661069258891576,1
278,2,28.0,0,0,0.0,-0.10463740114712752,-0.6484216535389205,-0.47454519624983954,-0.4736736092984604,-0.3693648410115938,1
36,1,42.0,1,0,52.0,0.9712604053509489,0.39858208016340624,0.4327933656785018,-0.4736736092984604,-1.5661069258891576,1
848,3,35.0,0,0,7.8958,0.4333115021019107,-0.4894421904510968,-0.47454519624983954,-0.4736736092984604,0.8273772438659699,1
331,3,28.0,2,0,23.25,-0.10463740114712752,-0.18029017645086096,1.340131927606843,-0.4736736092984604,0.8273772438659699,0
64,3,4.0,3,2,27.9,-1.949033640858116,-0.08666388103324908,2.2474704895351842,2.0089333664952354,0.8273772438659699,1
453,1,30.0,0,0,27.75,0.04906228549545483,-0.08968408411123653,-0.47454519624983954,-0.4736736092984604,-1.5661069258891576,1
283,3,16.0,0,0,9.5,-1.0268355210026217,-0.45714212526638004,-0.47454519624983954,-0.4736736092984604,0.8273772438659699,1
47,3,28.0,1,0,15.5,-0.10463740114712752,-0.3363340021468808,0.4327933656785018,-0.4736736092984604,0.8273772438659699,1
193,3,19.0,1,0,7.8542,-0.7962859910387481,-0.4902797934380587,0.4327933656785018,-0.4736736092984604,0.8273772438659699,0
293,2,36.0,0,0,12.875,0.5101613454232019,-0.3891875560116617,-0.47454519624983954,-0.4736736092984604,-0.3693648410115938,1
860,3,28.0,0,0,7.2292,-0.10463740114712752,-0.5028639729296732,-0.47454519624983954,-0.4736736092984604,0.8273772438659699,1
465,3,28.0,0,0,8.05,-0.10463740114712752,-0.4863374216869257,-0.47454519624983954,-0.4736736092984604,0.8273772438659699,1
461,1,48.0,0,0,26.55,1.432359465278696,-0.11384570873513637,-0.47454519624983954,-0.4736736092984604,-1.5661069258891576,1
214,2,30.0,0,0,13.0,0.04906228549545483,-0.3866707201133388,-0.47454519624983954,-0.4736736092984604,-0.3693648410115938,1
761,3,28.0,0,0,14.5,-0.10463740114712752,-0.35646868933346404,-0.47454519624983954,-0.4736736092984604,0.8273772438659699,1
714,3,29.0,0,0,9.4833,-0.027787557825836348,-0.457478374542396,-0.47454519624983954,-0.4736736092984604,0.8273772438659699,1
662,3,40.0,0,0,7.225,0.8175607187083667,-0.5029485386158568,-0.47454519624983954,-0.4736736092984604,0.8273772438659699,1
238,2,8.0,0,2,26.25,-1.6416342675729512,-0.11988611489111134,-0.47454519624983954,2.0089333664952354,-0.3693648410115938,0
763,3,20.0,0,0,7.2292,-0.719436147717457,-0.5028639729296732,-0.47454519624983954,-0.4736736092984604,0.8273772438659699,1
774,3,28.0,0,0,7.225,-0.10463740114712752,-0.5029485386158568,-0.47454519624983954,-0.4736736092984604,0.8273772438659699,1
562,3,40.0,0,0,7.8958,0.8175607187083667,-0.4894421904510968,-0.47454519624983954,-0.4736736092984604,0.8273772438659699,1
585,3,28.0,0,0,8.7125,-0.10463740114712752,-0.47299819142581434,-0.47454519624983954,-0.4736736092984604,0.8273772438659699,1
740,3,28.0,0,0,7.8958,-0.10463740114712752,-0.4894421904510968,-0.47454519624983954,-0.4736736092984604,0.8273772438659699,1
865,2,24.0,0,0,13.0,-0.41203677443229225,-0.3866707201133388,-0.47454519624983954,-0.4736736092984604,-0.3693648410115938,1
747,3,16.0,1,1,20.25,-1.0268355210026217,-0.24069423801061057,0.4327933656785018,0.7676298785983874,0.8273772438659699,1
771,3,24.0,0,0,9.5,-0.41203677443229225,-0.45714212526638004,-0.47454519624983954,-0.4736736092984604,0.8273772438659699,1
83,3,28.0,0,0,7.7875,-0.10463740114712752,-0.49162277707340374,-0.47454519624983954,-0.4736736092984604,0.8273772438659699,0
580,3,32.0,0,0,7.925,0.20276197213803718,-0.4888542575852486,-0.47454519624983954,-0.4736736092984604,0.8273772438659699,1
207,3,32.0,1,0,15.85,0.20276197213803718,-0.32928686163157667,0.4327933656785018,-0.4736736092984604,0.8273772438659699,1
589,3,22.0,0,0,8.05,-0.5657364610748746,-0.4863374216869257,-0.47454519624983954,-0.4736736092984604,0.8273772438659699,1
199,3,28.0,0,0,7.75,-0.10463740114712752,-0.49237782784290063,-0.47454519624983954,-0.4736736092984604,0.8273772438659699,0
393,3,28.0,2,0,7.925,-0.10463740114712752,-0.4888542575852486,1.340131927606843,-0.4736736092984604,0.8273772438659699,1
237,2,44.0,1,0,26.0,1.1249600919935314,-0.12491978668775715,0.4327933656785018,-0.4736736092984604,-0.3693648410115938,1
625,3,21.0,0,0,16.1,-0.6425863043961658,-0.32425318983493084,-0.47454519624983954,-0.4736736092984604,0.8273772438659699,1
455,3,28.0,0,0,8.05,-0.10463740114712752,-0.4863374216869257,-0.47454519624983954,-0.4736736092984604,0.8273772438659699,1
476,1,28.0,0,0,52.0,-0.10463740114712752,0.39858208016340624,-0.47454519624983954,-0.4736736092984604,-1.5661069258891576,1
841,3,20.0,0,0,7.925,-0.719436147717457,-0.4888542575852486,-0.47454519624983954,-0.4736736092984604,0.8273772438659699,1
647,3,19.0,0,0,7.8958,-0.7962859910387481,-0.4894421904510968,-0.47454519624983954,-0.4736736092984604,0.8273772438659699,1
188,1,45.0,0,0,26.55,1.2018099353148226,-0.11384570873513637,-0.47454519624983954,-0.4736736092984604,-1.5661069258891576,1
593,3,47.0,0,0,7.25,1.3555096219574048,-0.5024451714361923,-0.47454519624983954,-0.4736736092984604,0.8273772438659699,1
606,3,36.0,1,0,15.55,0.5101613454232019,-0.3353272677875516,0.4327933656785018,-0.4736736092984604,0.8273772438659699,1
279,3,7.0,4,1,29.125,-1.7184841108942424,-0.06199888922968463,3.1548090514635256,0.7676298785983874,0.8273772438659699,1
600,1,49.0,1,0,56.9292,1.5092093085999871,0.49782998024351216,0.4327933656785018,-0.4736736092984604,-1.5661069258891576,1
716,3,19.0,0,0,7.65,-0.7962859910387481,-0.494391296561559,-0.47454519624983954,-0.4736736092984604,0.8273772438659699,1
129,3,28.0,1,1,22.3583,-0.10463740114712752,-0.19824427701513722,0.4327933656785018,0.7676298785983874,0.8273772438659699,0
526,3,40.5,0,0,7.75,0.8559856403690123,-0.49237782784290063,-0.47454519624983954,-0.4736736092984604,0.8273772438659699,1
524,1,44.0,0,1,57.9792,1.1249600919935314,0.5189714017894245,-0.47454519624983954,0.7676298785983874,-1.5661069258891576,0
702,1,35.0,0,0,26.2875,0.4333115021019107,-0.11913106412161445,-0.47454519624983954,-0.4736736092984604,-1.5661069258891576,1
678,3,18.0,0,0,9.8417,-0.8731358343600393,-0.45026210265472455,-0.47454519624983954,-0.4736736092984604,0.8273772438659699,0
91,3,29.0,0,0,8.05,-0.027787557825836348,-0.4863374216869257,-0.47454519624983954,-0.4736736092984604,0.8273772438659699,1
142,3,22.0,0,0,7.75,-0.5657364610748746,-0.49237782784290063,-0.47454519624983954,-0.4736736092984604,0.8273772438659699,0
511,3,29.0,0,0,7.75,-0.027787557825836348,-0.49237782784290063,-0.47454519624983954,-0.4736736092984604,0.8273772438659699,1
863,1,48.0,0,0,25.9292,1.432359465278696,-0.1263453225405672,-0.47454519624983954,-0.4736736092984604,-1.5661069258891576,0
146,2,19.0,1,1,36.75,-0.7962859910387481,0.09152810056801232,0.4327933656785018,0.7676298785983874,-0.3693648410115938,1
67,2,29.0,0,0,10.5,-0.027787557825836348,-0.43700743807979686,-0.47454519624983954,-0.4736736092984604,-0.3693648410115938,0
187,3,28.0,1,0,15.5,-0.10463740114712752,-0.3363340021468808,0.4327933656785018,-0.4736736092984604,0.8273772438659699,0
507,2,33.0,0,2,26.0,0.27961181545932834,-0.12491978668775715,-0.47454519624983954,2.0089333664952354,-0.3693648410115938,0
843,1,30.0,0,0,31.0,0.04906228549545483,-0.024246350754841113,-0.47454519624983954,-0.4736736092984604,-1.5661069258891576,0
252,3,29.0,1,1,10.4625,-0.027787557825836348,-0.43776248884929375,0.4327933656785018,0.7676298785983874,0.8273772438659699,0
601,2,24.0,2,1,27.0,-0.41203677443229225,-0.10478509950117394,1.340131927606843,0.7676298785983874,-0.3693648410115938,0
639,3,41.0,0,5,39.6875,0.8944105620296577,0.1506737441786005,-0.47454519624983954,5.73284383018578,0.8273772438659699,0
869,3,28.0,0,0,9.5,-0.10463740114712752,-0.45714212526638004,-0.47454519624983954,-0.4736736092984604,0.8273772438659699,1
692,3,4.0,0,1,13.4167,-1.949033640858116,-0.37828059596268965,-0.47454519624983954,0.7676298785983874,0.8273772438659699,0
11,3,4.0,1,1,16.7,-1.949033640858116,-0.312172377522981,0.4327933656785018,0.7676298785983874,0.8273772438659699,0
725,1,27.0,1,0,53.1,-0.1814872444684187,0.4207302360686478,0.4327933656785018,-0.4736736092984604,-1.5661069258891576,1
46,3,28.0,0,0,8.05,-0.10463740114712752,-0.4863374216869257,-0.47454519624983954,-0.4736736092984604,0.8273772438659699,1
567,3,19.0,0,0,7.8958,-0.7962859910387481,-0.4894421904510968,-0.47454519624983954,-0.4736736092984604,0.8273772438659699,1
170,3,28.0,0,0,56.4958,-0.10463740114712752,0.48910360681684706,-0.47454519624983954,-0.4736736092984604,0.8273772438659699,1
316,3,26.0,0,0,7.8542,-0.2583370877897099,-0.4902797934380587,-0.47454519624983954,-0.4736736092984604,0.8273772438659699,0
384,1,35.0,1,0,52.0,0.4333115021019107,0.39858208016340624,0.4327933656785018,-0.4736736092984604,-1.5661069258891576,0
674,2,31.0,0,0,13.0,0.12591212881674602,-0.3866707201133388,-0.47454519624983954,-0.4736736092984604,-0.3693648410115938,1
677,3,24.5,0,0,8.05,-0.37361185277164666,-0.4863374216869257,-0.47454519624983954,-0.4736736092984604,0.8273772438659699,1
459,2,50.0,0,0,10.5,1.5860591519212783,-0.43700743807979686,-0.47454519624983954,-0.4736736092984604,-0.3693648410115938,0
74,3,26.0,1,0,14.4542,-0.2583370877897099,-0.3573908580066095,0.4327933656785018,-0.4736736092984604,0.8273772438659699,1
137,1,19.0,0,2,26.2833,-0.7962859910387481,-0.11921562980779811,-0.47454519624983954,2.0089333664952354,-1.5661069258891576,0
641,3,20.0,0,0,7.8542,-0.719436147717457,-0.4902797934380587,-0.47454519624983954,-0.4736736092984604,0.8273772438659699,1
654,3,28.0,0,0,7.8292,-0.10463740114712752,-0.49078316061772326,-0.47454519624983954,-0.4736736092984604,0.8273772438659699,0
798,3,31.0,0,0,8.6833,0.12591212881674602,-0.4735861242916626,-0.47454519624983954,-0.4736736092984604,0.8273772438659699,0
330,1,16.0,0,1,57.9792,-1.0268355210026217,0.5189714017894245,-0.47454519624983954,0.7676298785983874,-1.5661069258891576,0
753,3,33.0,0,0,9.5,0.27961181545932834,-0.45714212526638004,-0.47454519624983954,-0.4736736092984604,0.8273772438659699,1
373,3,19.0,0,0,8.05,-0.7962859910387481,-0.4863374216869257,-0.47454519624983954,-0.4736736092984604,0.8273772438659699,1
597,2,28.0,0,0,33.0,-0.10463740114712752,0.016023023618325298,-0.47454519624983954,-0.4736736092984604,-0.3693648410115938,0
518,3,28.0,0,0,24.15,-0.10463740114712752,-0.1621689579829361,-0.47454519624983954,-0.4736736092984604,0.8273772438659699,1
186,1,28.0,0,0,50.0,-0.10463740114712752,0.3583127057902398,-0.47454519624983954,-0.4736736092984604,-1.5661069258891576,1
542,3,9.0,4,2,31.275,-1.56478442425166,-0.01870931177853076,3.1548090514635256,2.0089333664952354,0.8273772438659699,0
712,1,28.0,0,0,26.55,-0.10463740114712752,-0.11384570873513637,-0.47454519624983954,-0.4736736092984604,-1.5661069258891576,1
552,2,27.0,0,0,26.0,-0.1814872444684187,-0.12491978668775715,-0.47454519624983954,-0.4736736092984604,-0.3693648410115938,1
853,3,9.0,1,1,15.2458,-1.56478442425166,-0.3414522396297103,0.4327933656785018,0.7676298785983874,0.8273772438659699,0
336,3,28.0,0,0,7.8958,-0.10463740114712752,-0.4894421904510968,-0.47454519624983954,-0.4736736092984604,0.8273772438659699,1
781,3,13.0,0,0,7.2292,-1.2573850509664952,-0.5028639729296732,-0.47454519624983954,-0.4736736092984604,0.8273772438659699,0
448,1,34.0,0,0,26.55,0.35646165878061953,-0.11384570873513637,-0.47454519624983954,-0.4736736092984604,-1.5661069258891576,1
796,2,39.0,0,0,13.0,0.7407108753870755,-0.3866707201133388,-0.47454519624983954,-0.4736736092984604,-0.3693648410115938,1
48,3,28.0,0,0,7.75,-0.10463740114712752,-0.49237782784290063,-0.47454519624983954,-0.4736736092984604,0.8273772438659699,0
156,1,51.0,0,1,61.3792,1.6629089952425695,0.5874293382238074,-0.47454519624983954,0.7676298785983874,-1.5661069258891576,1
529,3,39.0,0,0,7.925,0.7407108753870755,-0.4888542575852486,-0.47454519624983954,-0.4736736092984604,0.8273772438659699,1
520,3,32.0,0,0,7.8958,0.20276197213803718,-0.4894421904510968,-0.47454519624983954,-0.4736736092984604,0.8273772438659699,1
608,1,27.0,0,0,30.5,-0.1814872444684187,-0.034313694348132716,-0.47454519624983954,-0.4736736092984604,-1.5661069258891576,1
390,2,17.0,0,0,12.0,-0.9499856776813305,-0.40680540729992204,-0.47454519624983954,-0.4736736092984604,-0.3693648410115938,0
242,3,28.0,1,0,15.5,-0.10463740114712752,-0.3363340021468808,0.4327933656785018,-0.4736736092984604,0.8273772438659699,0
438,2,24.0,2,3,18.75,-0.41203677443229225,-0.2708962687904854,1.340131927606843,3.250236854392083,-0.3693648410115938,0
182,2,28.0,0,0,15.05,-0.10463740114712752,-0.34539461138084326,-0.47454519624983954,-0.4736736092984604,-0.3693648410115938,1
180,3,36.0,0,0,0.0,0.5101613454232019,-0.6484216535389205,-0.47454519624983954,-0.4736736092984604,0.8273772438659699,1
726,3,20.0,0,0,8.6625,-0.719436147717457,-0.47400492578514347,-0.47454519624983954,-0.4736736092984604,0.8273772438659699,1
829,3,28.0,0,0,7.75,-0.10463740114712752,-0.49237782784290063,-0.47454519624983954,-0.4736736092984604,0.8273772438659699,1
672,1,31.0,1,0,52.0,0.12591212881674602,0.39858208016340624,0.4327933656785018,-0.4736736092984604,-1.5661069258891576,1
434,3,17.0,0,0,7.125,-0.9499856776813305,-0.5049620073345151,-0.47454519624983954,-0.4736736092984604,0.8273772438659699,1
579,3,28.0,1,0,14.4583,-0.10463740114712752,-0.3573083057891445,0.4327933656785018,-0.4736736092984604,0.8273772438659699,0
410,3,28.0,3,1,25.4667,-0.10463740114712752,-0.13565761536436197,2.2474704895351842,0.7676298785983874,0.8273772438659699,0
228,3,20.5,0,0,7.25,-0.6810112260568114,-0.5024451714361923,-0.47454519624983954,-0.4736736092984604,0.8273772438659699,1
150,2,42.0,0,0,13.0,0.9712604053509489,-0.3866707201133388,-0.47454519624983954,-0.4736736092984604,-0.3693648410115938,1
762,3,41.0,0,0,7.125,0.8944105620296577,-0.5049620073345151,-0.47454519624983954,-0.4736736092984604,0.8273772438659699,1
177,3,28.0,3,1,25.4667,-0.10463740114712752,-0.13565761536436197,2.2474704895351842,0.7676298785983874,0.8273772438659699,1
854,1,16.0,0,1,39.4,-1.0268355210026217,0.14488502161245778,-0.47454519624983954,0.7676298785983874,-1.5661069258891576,0
241,3,28.0,1,0,14.4542,-0.10463740114712752,-0.3573908580066095,0.4327933656785018,-0.4736736092984604,0.8273772438659699,0
353,3,15.0,1,1,7.2292,-1.1036853643239128,-0.5028639729296732,0.4327933656785018,0.7676298785983874,0.8273772438659699,1
368,3,28.0,0,0,7.2292,-0.10463740114712752,-0.5028639729296732,-0.47454519624983954,-0.4736736092984604,0.8273772438659699,0
502,3,21.0,0,0,7.75,-0.6425863043961658,-0.49237782784290063,-0.47454519624983954,-0.4736736092984604,0.8273772438659699,0
149,2,36.5,0,2,26.0,0.5485862670838475,-0.12491978668775715,-0.47454519624983954,2.0089333664952354,-0.3693648410115938,1
224,3,28.0,0,0,7.8958,-0.10463740114712752,-0.4894421904510968,-0.47454519624983954,-0.4736736092984604,0.8273772438659699,1
247,3,25.0,0,0,7.775,-0.33518693111100106,-0.4918744606632361,-0.47454519624983954,-0.4736736092984604,0.8273772438659699,0
549,3,33.0,1,1,20.525,0.27961181545932834,-0.2351571990343002,0.4327933656785018,0.7676298785983874,0.8273772438659699,1
304,2,28.0,0,0,12.35,-0.10463740114712752,-0.3997582667846179,-0.47454519624983954,-0.4736736092984604,-0.3693648410115938,0
519,2,36.0,1,0,26.0,0.5101613454232019,-0.12491978668775715,0.4327933656785018,-0.4736736092984604,-0.3693648410115938,0
795,3,25.0,0,0,7.8958,-0.33518693111100106,-0.4894421904510968,-0.47454519624983954,-0.4736736092984604,0.8273772438659699,1
158,3,30.0,0,0,8.05,0.04906228549545483,-0.4863374216869257,-0.47454519624983954,-0.4736736092984604,0.8273772438659699,1
504,3,37.0,0,0,9.5875,0.5870111887444931,-0.455380340137554,-0.47454519624983954,-0.4736736092984604,0.8273772438659699,0
874,3,47.0,0,0,9.0,1.3555096219574048,-0.46720946885967163,-0.47454519624983954,-0.4736736092984604,0.8273772438659699,1
721,2,6.0,0,1,33.0,-1.7953339542155335,0.016023023618325298,-0.47454519624983954,0.7676298785983874,-0.3693648410115938,0
271,1,28.0,0,0,31.0,-0.10463740114712752,-0.024246350754841113,-0.47454519624983954,-0.4736736092984604,-1.5661069258891576,1
813,2,35.0,0,0,10.5,0.4333115021019107,-0.43700743807979686,-0.47454519624983954,-0.4736736092984604,-0.3693648410115938,1
681,3,28.0,0,0,8.1375,-0.10463740114712752,-0.48457563655809965,-0.47454519624983954,-0.4736736092984604,0.8273772438659699,0
816,1,28.0,0,0,0.0,-0.10463740114712752,-0.6484216535389205,-0.47454519624983954,-0.4736736092984604,-1.5661069258891576,1
691,1,31.0,1,0,57.0,0.12591212881674602,0.49925551609632224,0.4327933656785018,-0.4736736092984604,-1.5661069258891576,1
479,3,22.0,0,0,7.5208,-0.5657364610748746,-0.4969926981460655,-0.47454519624983954,-0.4736736092984604,0.8273772438659699,1
867,2,27.0,1,0,13.8583,-0.1814872444684187,-0.3693891181010945,0.4327933656785018,-0.4736736092984604,-0.3693648410115938,0
635,3,9.0,3,2,27.9,-1.56478442425166,-0.08666388103324908,2.2474704895351842,2.0089333664952354,0.8273772438659699,0
339,3,45.0,0,0,8.05,1.2018099353148226,-0.4863374216869257,-0.47454519624983954,-0.4736736092984604,0.8273772438659699,1
553,3,28.0,0,0,7.8292,-0.10463740114712752,-0.49078316061772326,-0.47454519624983954,-0.4736736092984604,0.8273772438659699,1
618,3,26.0,1,0,16.1,-0.2583370877897099,-0.32425318983493084,0.4327933656785018,-0.4736736092984604,0.8273772438659699,0
138,1,37.0,1,0,53.1,0.5870111887444931,0.4207302360686478,0.4327933656785018,-0.4736736092984604,-1.5661069258891576,1
286,3,33.0,0,0,8.6625,0.27961181545932834,-0.47400492578514347,-0.47454519624983954,-0.4736736092984604,0.8273772438659699,1
779,3,28.0,0,0,7.7375,-0.10463740114712752,-0.4926295114327329,-0.47454519624983954,-0.4736736092984604,0.8273772438659699,1
464,2,48.0,0,0,13.0,1.432359465278696,-0.3866707201133388,-0.47454519624983954,-0.4736736092984604,-0.3693648410115938,1
287,3,30.0,0,0,9.5,0.04906228549545483,-0.45714212526638004,-0.47454519624983954,-0.4736736092984604,0.8273772438659699,1
811,3,26.0,0,0,7.8875,-0.2583370877897099,-0.4896093083547455,-0.47454519624983954,-0.4736736092984604,0.8273772438659699,1
402,3,26.0,0,0,8.05,-0.2583370877897099,-0.4863374216869257,-0.47454519624983954,-0.4736736092984604,0.8273772438659699,1
514,1,54.0,1,0,59.4,1.893458525206443,0.5475787653441219,0.4327933656785018,-0.4736736092984604,-1.5661069258891576,0
800,3,30.0,1,1,24.15,0.04906228549545483,-0.1621689579829361,0.4327933656785018,0.7676298785983874,0.8273772438659699,0
447,2,13.0,0,1,19.5,-1.2573850509664952,-0.255795253400548,-0.47454519624983954,0.7676298785983874,-0.3693648410115938,0
323,2,30.0,0,0,12.35,0.04906228549545483,-0.3997582667846179,-0.47454519624983954,-0.4736736092984604,-0.3693648410115938,0
356,3,28.0,0,0,9.5,-0.10463740114712752,-0.45714212526638004,-0.47454519624983954,-0.4736736092984604,0.8273772438659699,1
467,2,28.0,0,0,0.0,-0.10463740114712752,-0.6484216535389205,-0.47454519624983954,-0.4736736092984604,-0.3693648410115938,1
477,2,34.0,1,0,21.0,0.35646165878061953,-0.22559322262067316,0.4327933656785018,-0.4736736092984604,-0.3693648410115938,1
277,3,45.0,0,0,7.75,1.2018099353148226,-0.49237782784290063,-0.47454519624983954,-0.4736736092984604,0.8273772438659699,0
849,2,28.0,0,1,33.0,-0.10463740114712752,0.016023023618325298,-0.47454519624983954,0.7676298785983874,-0.3693648410115938,1
730,3,25.0,1,0,7.925,-0.33518693111100106,-0.4888542575852486,0.4327933656785018,-0.4736736092984604,0.8273772438659699,0
591,3,35.0,0,0,7.125,0.4333115021019107,-0.5049620073345151,-0.47454519624983954,-0.4736736092984604,0.8273772438659699,1
433,2,42.0,1,0,26.0,0.9712604053509489,-0.12491978668775715,0.4327933656785018,-0.4736736092984604,-0.3693648410115938,0
630,3,28.0,0,0,7.7333,-0.10463740114712752,-0.49271407711891657,-0.47454519624983954,-0.4736736092984604,0.8273772438659699,1
879,3,28.0,0,0,7.8958,-0.10463740114712752,-0.4894421904510968,-0.47454519624983954,-0.4736736092984604,0.8273772438659699,1
826,3,28.0,0,0,6.95,-0.10463740114712752,-0.5084855775921673,-0.47454519624983954,-0.4736736092984604,0.8273772438659699,1
807,1,39.0,0,0,0.0,0.7407108753870755,-0.6484216535389205,-0.47454519624983954,-0.4736736092984604,-1.5661069258891576,1
765,3,16.0,0,0,7.775,-1.0268355210026217,-0.4918744606632361,-0.47454519624983954,-0.4736736092984604,0.8273772438659699,1
754,3,23.0,0,0,7.8958,-0.48888661775358344,-0.4894421904510968,-0.47454519624983954,-0.4736736092984604,0.8273772438659699,1
697,3,44.0,0,0,8.05,1.1249600919935314,-0.4863374216869257,-0.47454519624983954,-0.4736736092984604,0.8273772438659699,1
722,3,17.0,1,0,7.0542,-0.9499856776813305,-0.5063875431873253,0.4327933656785018,-0.4736736092984604,0.8273772438659699,1
106,3,28.0,0,0,7.8958,-0.10463740114712752,-0.4894421904510968,-0.47454519624983954,-0.4736736092984604,0.8273772438659699,1
299,1,28.0,0,0,30.5,-0.10463740114712752,-0.034313694348132716,-0.47454519624983954,-0.4736736092984604,-1.5661069258891576,1
195,1,44.0,0,0,27.7208,1.1249600919935314,-0.09027201697708476,-0.47454519624983954,-0.4736736092984604,-1.5661069258891576,0
655,3,18.0,0,0,6.75,-0.8731358343600393,-0.5125125150294839,-0.47454519624983954,-0.4736736092984604,0.8273772438659699,0
45,3,19.0,0,0,7.8792,-0.7962859910387481,-0.48977642625839407,-0.47454519624983954,-0.4736736092984604,0.8273772438659699,0
676,3,18.0,0,0,7.775,-0.8731358343600393,-0.4918744606632361,-0.47454519624983954,-0.4736736092984604,0.8273772438659699,1
209,3,16.0,0,0,7.75,-1.0268355210026217,-0.49237782784290063,-0.47454519624983954,-0.4736736092984604,0.8273772438659699,0
768,3,30.5,0,0,7.75,0.08748720715610042,-0.49237782784290063,-0.47454519624983954,-0.4736736092984604,0.8273772438659699,0
757,3,28.0,0,0,7.7958,-0.10463740114712752,-0.49145565916975514,-0.47454519624983954,-0.4736736092984604,0.8273772438659699,1
842,2,16.0,0,0,10.5,-1.0268355210026217,-0.43700743807979686,-0.47454519624983954,-0.4736736092984604,-0.3693648410115938,1
116,3,21.0,0,0,7.925,-0.6425863043961658,-0.4888542575852486,-0.47454519624983954,-0.4736736092984604,0.8273772438659699,1
706,2,39.0,0,0,26.0,0.7407108753870755,-0.12491978668775715,-0.47454519624983954,-0.4736736092984604,-0.3693648410115938,1
296,1,28.0,0,0,27.7208,-0.10463740114712752,-0.09027201697708476,-0.47454519624983954,-0.4736736092984604,-1.5661069258891576,1
719,3,28.0,0,0,15.5,-0.10463740114712752,-0.3363340021468808,-0.47454519624983954,-0.4736736092984604,0.8273772438659699,1
576,3,19.0,0,0,14.5,-0.7962859910387481,-0.35646868933346404,-0.47454519624983954,-0.4736736092984604,0.8273772438659699,1
693,3,28.0,0,0,56.4958,-0.10463740114712752,0.48910360681684706,-0.47454519624983954,-0.4736736092984604,0.8273772438659699,1
785,3,25.0,0,0,7.05,-0.33518693111100106,-0.5064721088735089,-0.47454519624983954,-0.4736736092984604,0.8273772438659699,1
251,3,28.0,0,0,7.25,-0.10463740114712752,-0.5024451714361923,-0.47454519624983954,-0.4736736092984604,0.8273772438659699,1
490,3,9.0,1,1,15.9,-1.56478442425166,-0.32828012727224753,0.4327933656785018,0.7676298785983874,0.8273772438659699,1
498,3,28.0,0,0,15.1,-0.10463740114712752,-0.3443878770215141,-0.47454519624983954,-0.4736736092984604,0.8273772438659699,1
758,2,18.0,0,0,11.5,-0.8731358343600393,-0.41687275089321363,-0.47454519624983954,-0.4736736092984604,-0.3693648410115938,1
267,3,16.0,4,1,39.6875,-1.0268355210026217,0.1506737441786005,3.1548090514635256,0.7676298785983874,0.8273772438659699,1
6,3,28.0,0,0,8.4583,-0.10463740114712752,-0.47811642890864375,-0.47454519624983954,-0.4736736092984604,0.8273772438659699,1
799,3,30.0,0,0,7.2292,0.04906228549545483,-0.5028639729296732,-0.47454519624983954,-0.4736736092984604,0.8273772438659699,1
684,3,14.0,5,2,46.9,-1.180535207645204,0.2958951755118318,4.0621476133918675,2.0089333664952354,0.8273772438659699,1
123,2,32.5,1,0,30.0708,0.24118689379868277,-0.04295550208861426,0.4327933656785018,-0.4736736092984604,-0.3693648410115938,1
718,2,27.0,0,0,10.5,-0.1814872444684187,-0.43700743807979686,-0.47454519624983954,-0.4736736092984604,-0.3693648410115938,0
510,3,26.0,0,0,56.4958,-0.2583370877897099,0.48910360681684706,-0.47454519624983954,-0.4736736092984604,0.8273772438659699,1
624,3,21.0,0,0,7.8542,-0.6425863043961658,-0.4902797934380587,-0.47454519624983954,-0.4736736092984604,0.8273772438659699,1
59,2,5.0,1,2,27.75,-1.8721837975368247,-0.08968408411123653,0.4327933656785018,2.0089333664952354,-0.3693648410115938,0
42,2,27.0,1,0,21.0,-0.1814872444684187,-0.22559322262067316,0.4327933656785018,-0.4736736092984604,-0.3693648410115938,0
244,3,22.0,0,0,7.125,-0.5657364610748746,-0.5049620073345151,-0.47454519624983954,-0.4736736092984604,0.8273772438659699,1
164,3,17.0,0,0,8.6625,-0.9499856776813305,-0.47400492578514347,-0.47454519624983954,-0.4736736092984604,0.8273772438659699,1
37,3,28.0,0,0,7.2292,-0.10463740114712752,-0.5028639729296732,-0.47454519624983954,-0.4736736092984604,0.8273772438659699,1
787,3,18.0,0,0,7.4958,-0.8731358343600393,-0.4974960653257301,-0.47454519624983954,-0.4736736092984604,0.8273772438659699,0
284,3,19.0,0,0,8.05,-0.7962859910387481,-0.4863374216869257,-0.47454519624983954,-0.4736736092984604,0.8273772438659699,1
609,2,22.0,1,2,41.5792,-0.5657364610748746,0.18876253192945994,0.4327933656785018,2.0089333664952354,-0.3693648410115938,0
471,3,28.0,0,0,7.25,-0.10463740114712752,-0.5024451714361923,-0.47454519624983954,-0.4736736092984604,0.8273772438659699,1
362,2,29.0,1,0,27.7208,-0.027787557825836348,-0.09027201697708476,0.4327933656785018,-0.4736736092984604,-0.3693648410115938,1
523,3,28.0,0,0,7.225,-0.10463740114712752,-0.5029485386158568,-0.47454519624983954,-0.4736736092984604,0.8273772438659699,1
489,3,30.0,0,0,8.05,0.04906228549545483,-0.4863374216869257,-0.47454519624983954,-0.4736736092984604,0.8273772438659699,1
739,3,28.0,0,0,7.8958,-0.10463740114712752,-0.4894421904510968,-0.47454519624983954,-0.4736736092984604,0.8273772438659699,1
620,2,26.0,0,0,10.5,-0.2583370877897099,-0.43700743807979686,-0.47454519624983954,-0.4736736092984604,-0.3693648410115938,1
169,1,28.0,0,0,25.925,-0.10463740114712752,-0.12642988822675086,-0.47454519624983954,-0.4736736092984604,-1.5661069258891576,1
77,3,28.0,0,0,7.8958,-0.10463740114712752,-0.4894421904510968,-0.47454519624983954,-0.4736736092984604,0.8273772438659699,1
590,3,28.0,0,0,8.05,-0.10463740114712752,-0.4863374216869257,-0.47454519624983954,-0.4736736092984604,0.8273772438659699,1
157,3,16.0,0,0,7.7333,-1.0268355210026217,-0.49271407711891657,-0.47454519624983954,-0.4736736092984604,0.8273772438659699,0
870,3,4.0,1,1,11.1333,-1.949033640858116,-0.4242561406845337,0.4327933656785018,0.7676298785983874,0.8273772438659699,1
651,3,28.0,0,0,7.8958,-0.10463740114712752,-0.4894421904510968,-0.47454519624983954,-0.4736736092984604,0.8273772438659699,1
80,3,30.0,0,0,12.475,0.04906228549545483,-0.397241430886295,-0.47454519624983954,-0.4736736092984604,0.8273772438659699,0
20,3,28.0,0,0,7.225,-0.10463740114712752,-0.5029485386158568,-0.47454519624983954,-0.4736736092984604,0.8273772438659699,0
192,2,19.0,0,0,13.0,-0.7962859910387481,-0.3866707201133388,-0.47454519624983954,-0.4736736092984604,-0.3693648410115938,1
50,3,18.0,1,0,17.8,-0.8731358343600393,-0.29002422161773944,0.4327933656785018,-0.4736736092984604,0.8273772438659699,0
613,3,28.0,1,0,15.5,-0.10463740114712752,-0.3363340021468808,0.4327933656785018,-0.4736736092984604,0.8273772438659699,0
472,3,38.0,0,0,8.6625,0.6638610320657843,-0.47400492578514347,-0.47454519624983954,-0.4736736092984604,0.8273772438659699,1
229,2,18.0,0,0,13.0,-0.8731358343600393,-0.3866707201133388,-0.47454519624983954,-0.4736736092984604,-0.3693648410115938,1
266,2,36.0,0,0,10.5,0.5101613454232019,-0.43700743807979686,-0.47454519624983954,-0.4736736092984604,-0.3693648410115938,1
66,3,28.0,1,1,15.2458,-0.10463740114712752,-0.3414522396297103,0.4327933656785018,0.7676298785983874,0.8273772438659699,1
423,3,29.0,0,0,7.875,-0.027787557825836348,-0.4898609919445778,-0.47454519624983954,-0.4736736092984604,0.8273772438659699,1
371,1,25.0,1,0,55.4417,-0.33518693111100106,0.4678796330534696,0.4327933656785018,-0.4736736092984604,-1.5661069258891576,1
314,3,28.0,0,0,7.8958,-0.10463740114712752,-0.4894421904510968,-0.47454519624983954,-0.4736736092984604,0.8273772438659699,1
577,2,34.0,0,0,13.0,0.35646165878061953,-0.3866707201133388,-0.47454519624983954,-0.4736736092984604,-0.3693648410115938,0
570,3,32.0,0,0,7.8542,0.20276197213803718,-0.4902797934380587,-0.47454519624983954,-0.4736736092984604,0.8273772438659699,1
889,3,28.0,1,2,23.45,-0.10463740114712752,-0.17626323901354432,0.4327933656785018,2.0089333664952354,0.8273772438659699,0
343,2,28.0,0,0,13.0,-0.10463740114712752,-0.3866707201133388,-0.47454519624983954,-0.4736736092984604,-0.3693648410115938,1
245,3,30.0,0,0,7.225,0.04906228549545483,-0.5029485386158568,-0.47454519624983954,-0.4736736092984604,0.8273772438659699,1
198,3,42.0,0,1,8.4042,0.9712604053509489,-0.47920571548543794,-0.47454519624983954,0.7676298785983874,0.8273772438659699,1
696,2,52.0,0,0,13.5,1.7397588385638607,-0.3766033765200472,-0.47454519624983954,-0.4736736092984604,-0.3693648410115938,1
503,3,28.0,0,0,7.6292,-0.10463740114712752,-0.4948100980550399,-0.47454519624983954,-0.4736736092984604,0.8273772438659699,0
596,3,36.0,1,1,24.15,0.5101613454232019,-0.1621689579829361,0.4327933656785018,0.7676298785983874,0.8273772438659699,1
131,3,33.0,0,0,7.8958,0.27961181545932834,-0.4894421904510968,-0.47454519624983954,-0.4736736092984604,0.8273772438659699,1
708,1,42.0,0,0,26.2875,0.9712604053509489,-0.11913106412161445,-0.47454519624983954,-0.4736736092984604,-1.5661069258891576,1
483,3,50.0,0,0,8.05,1.5860591519212783,-0.4863374216869257,-0.47454519624983954,-0.4736736092984604,0.8273772438659699,1
3,3,26.0,0,0,7.925,-0.2583370877897099,-0.4888542575852486,-0.47454519624983954,-0.4736736092984604,0.8273772438659699,0
837,3,21.0,0,0,8.6625,-0.6425863043961658,-0.47400492578514347,-0.47454519624983954,-0.4736736092984604,0.8273772438659699,1
704,3,25.0,0,0,7.7417,-0.33518693111100106,-0.4925449457465493,-0.47454519624983954,-0.4736736092984604,0.8273772438659699,1
100,2,34.0,1,0,26.0,0.35646165878061953,-0.12491978668775715,0.4327933656785018,-0.4736736092984604,-0.3693648410115938,1
250,2,54.0,1,0,26.0,1.893458525206443,-0.12491978668775715,0.4327933656785018,-0.4736736092984604,-0.3693648410115938,1
44,2,3.0,1,2,41.5792,-2.025883484179407,0.18876253192945994,0.4327933656785018,2.0089333664952354,-0.3693648410115938,0
634,1,28.0,0,0,0.0,-0.10463740114712752,-0.6484216535389205,-0.47454519624983954,-0.4736736092984604,-1.5661069258891576,1
534,3,28.0,0,2,22.3583,-0.10463740114712752,-0.19824427701513722,-0.47454519624983954,2.0089333664952354,0.8273772438659699,0
569,3,28.0,0,0,7.2292,-0.10463740114712752,-0.5028639729296732,-0.47454519624983954,-0.4736736092984604,0.8273772438659699,1
456,3,29.0,0,0,7.8958,-0.027787557825836348,-0.4894421904510968,-0.47454519624983954,-0.4736736092984604,0.8273772438659699,1
112,3,14.5,1,0,14.4542,-1.1421102859845584,-0.3573908580066095,0.4327933656785018,-0.4736736092984604,0.8273772438659699,0
425,3,18.0,1,1,20.2125,-0.8731358343600393,-0.2414492887801075,0.4327933656785018,0.7676298785983874,0.8273772438659699,1
707,2,45.0,0,0,13.5,1.2018099353148226,-0.3766033765200472,-0.47454519624983954,-0.4736736092984604,-0.3693648410115938,0
431,1,28.0,0,0,26.55,-0.10463740114712752,-0.11384570873513637,-0.47454519624983954,-0.4736736092984604,-1.5661069258891576,1
297,3,23.5,0,0,7.2292,-0.45046169609293785,-0.5028639729296732,-0.47454519624983954,-0.4736736092984604,0.8273772438659699,1
19,3,31.0,1,0,18.0,0.12591212881674602,-0.2859972841804228,0.4327933656785018,-0.4736736092984604,0.8273772438659699,0
400,2,28.0,0,0,12.65,-0.10463740114712752,-0.393717860628643,-0.47454519624983954,-0.4736736092984604,-0.3693648410115938,0
750,3,31.0,0,0,7.75,0.12591212881674602,-0.49237782784290063,-0.47454519624983954,-0.4736736092984604,0.8273772438659699,1
481,3,9.0,5,2,46.9,-1.56478442425166,0.2958951755118318,4.0621476133918675,2.0089333664952354,0.8273772438659699,1
347,2,40.0,0,0,13.0,0.8175607187083667,-0.3866707201133388,-0.47454519624983954,-0.4736736092984604,-0.3693648410115938,0
204,3,45.5,0,0,7.225,1.2402348569754682,-0.5029485386158568,-0.47454519624983954,-0.4736736092984604,0.8273772438659699,1
885,3,25.0,0,0,7.05,-0.33518693111100106,-0.5064721088735089,-0.47454519624983954,-0.4736736092984604,0.8273772438659699,1
808,3,18.0,0,0,7.775,-0.8731358343600393,-0.4918744606632361,-0.47454519624983954,-0.4736736092984604,0.8273772438659699,0
604,3,44.0,0,0,8.05,1.1249600919935314,-0.4863374216869257,-0.47454519624983954,-0.4736736092984604,0.8273772438659699,1
886,3,39.0,0,5,29.125,0.7407108753870755,-0.06199888922968463,-0.47454519624983954,5.73284383018578,0.8273772438659699,0
629,3,26.0,0,0,7.8958,-0.2583370877897099,-0.4894421904510968,-0.47454519624983954,-0.4736736092984604,0.8273772438659699,1
301,3,28.0,0,0,7.75,-0.10463740114712752,-0.49237782784290063,-0.47454519624983954,-0.4736736092984604,0.8273772438659699,0
710,3,28.0,1,1,15.2458,-0.10463740114712752,-0.3414522396297103,0.4327933656785018,0.7676298785983874,0.8273772438659699,1
705,3,26.0,1,0,7.8542,-0.2583370877897099,-0.4902797934380587,0.4327933656785018,-0.4736736092984604,0.8273772438659699,1
232,3,29.0,0,0,7.775,-0.027787557825836348,-0.4918744606632361,-0.47454519624983954,-0.4736736092984604,0.8273772438659699,1
595,2,37.0,1,0,26.0,0.5870111887444931,-0.12491978668775715,0.4327933656785018,-0.4736736092984604,-0.3693648410115938,1
851,3,4.0,4,2,31.275,-1.949033640858116,-0.01870931177853076,3.1548090514635256,2.0089333664952354,0.8273772438659699,1
636,2,28.0,0,0,13.0,-0.10463740114712752,-0.3866707201133388,-0.47454519624983954,-0.4736736092984604,-0.3693648410115938,0
72,3,16.0,5,2,46.9,-1.0268355210026217,0.2958951755118318,4.0621476133918675,2.0089333664952354,0.8273772438659699,0
594,3,28.0,0,2,7.75,-0.10463740114712752,-0.49237782784290063,-0.47454519624983954,2.0089333664952354,0.8273772438659699,0
703,3,18.0,0,1,14.4542,-0.8731358343600393,-0.3573908580066095,-0.47454519624983954,0.7676298785983874,0.8273772438659699,0
315,2,43.0,1,1,26.25,1.0481102486722402,-0.11988611489111134,0.4327933656785018,0.7676298785983874,-0.3693648410115938,1
27,3,28.0,0,0,7.225,-0.10463740114712752,-0.5029485386158568,-0.47454519624983954,-0.4736736092984604,0.8273772438659699,1
398,2,46.0,0,0,26.0,1.2786597786361138,-0.12491978668775715,-0.47454519624983954,-0.4736736092984604,-0.3693648410115938,1
575,3,16.0,0,0,8.05,-1.0268355210026217,-0.4863374216869257,-0.47454519624983954,-0.4736736092984604,0.8273772438659699,1
197,3,28.0,0,0,7.75,-0.10463740114712752,-0.49237782784290063,-0.47454519624983954,-0.4736736092984604,0.8273772438659699,1
350,3,42.0,0,0,8.6625,0.9712604053509489,-0.47400492578514347,-0.47454519624983954,-0.4736736092984604,0.8273772438659699,1
235,2,24.0,0,0,10.5,-0.41203677443229225,-0.43700743807979686,-0.47454519624983954,-0.4736736092984604,-0.3693648410115938,1
478,3,29.0,1,0,7.0458,-0.027787557825836348,-0.5065566745596926,0.4327933656785018,-0.4736736092984604,0.8273772438659699,1
517,2,34.0,0,0,10.5,0.35646165878061953,-0.43700743807979686,-0.47454519624983954,-0.4736736092984604,-0.3693648410115938,0
612,3,28.0,0,0,7.05,-0.10463740114712752,-0.5064721088735089,-0.47454519624983954,-0.4736736092984604,0.8273772438659699,1
429,3,28.0,0,0,7.75,-0.10463740114712752,-0.49237782784290063,-0.47454519624983954,-0.4736736092984604,0.8273772438659699,1
392,3,21.0,0,0,7.7958,-0.6425863043961658,-0.49145565916975514,-0.47454519624983954,-0.4736736092984604,0.8273772438659699,1
824,3,27.0,0,1,12.475,-0.1814872444684187,-0.397241430886295,-0.47454519624983954,0.7676298785983874,0.8273772438659699,0
159,3,28.0,0,0,8.6625,-0.10463740114712752,-0.47400492578514347,-0.47454519624983954,-0.4736736092984604,0.8273772438659699,1
827,3,28.0,0,0,56.4958,-0.10463740114712752,0.48910360681684706,-0.47454519624983954,-0.4736736092984604,0.8273772438659699,1
124,2,32.5,0,0,13.0,0.24118689379868277,-0.3866707201133388,-0.47454519624983954,-0.4736736092984604,-0.3693648410115938,0
463,1,47.0,0,0,38.5,1.3555096219574048,0.12676380314453292,-0.47454519624983954,-0.4736736092984604,-1.5661069258891576,1
108,3,28.0,0,0,7.775,-0.10463740114712752,-0.4918744606632361,-0.47454519624983954,-0.4736736092984604,0.8273772438659699,1
574,3,28.0,0,0,7.75,-0.10463740114712752,-0.49237782784290063,-0.47454519624983954,-0.4736736092984604,0.8273772438659699,0
416,3,28.0,0,0,8.05,-0.10463740114712752,-0.4863374216869257,-0.47454519624983954,-0.4736736092984604,0.8273772438659699,0
264,1,40.0,0,0,0.0,0.8175607187083667,-0.6484216535389205,-0.47454519624983954,-0.4736736092984604,-1.5661069258891576,1
583,2,54.0,0,0,26.0,1.893458525206443,-0.12491978668775715,-0.47454519624983954,-0.4736736092984604,-0.3693648410115938,1
148,3,9.0,2,2,34.375,-1.56478442425166,0.04370821849987721,1.340131927606843,2.0089333664952354,0.8273772438659699,0
769,3,28.0,1,0,24.15,-0.10463740114712752,-0.1621689579829361,0.4327933656785018,-0.4736736092984604,0.8273772438659699,1
26,3,38.0,1,5,31.3875,0.6638610320657843,-0.016444159470040135,0.4327933656785018,5.73284383018578,0.8273772438659699,0
873,1,33.0,0,0,5.0,0.27961181545932834,-0.5477482176060045,-0.47454519624983954,-0.4736736092984604,-1.5661069258891576,1
87,3,16.0,1,3,34.375,-1.0268355210026217,0.04370821849987721,0.4327933656785018,3.250236854392083,0.8273772438659699,1
132,3,20.0,0,0,7.05,-0.719436147717457,-0.5064721088735089,-0.47454519624983954,-0.4736736092984604,0.8273772438659699,1
344,2,25.0,0,0,13.0,-0.33518693111100106,-0.3866707201133388,-0.47454519624983954,-0.4736736092984604,-0.3693648410115938,1
544,2,32.0,1,0,26.0,0.20276197213803718,-0.12491978668775715,0.4327933656785018,-0.4736736092984604,-0.3693648410115938,1
128,3,24.0,0,0,7.1417,-0.41203677443229225,-0.5046257580584992,-0.47454519624983954,-0.4736736092984604,0.8273772438659699,1
